{"cameraMode":{"drawMode":0,"name":"Shaded","section":"Shading Mode"},"sceneLighting":false,"audioPlay":false,"sceneViewState":{"m_AlwaysRefresh":false,"showFog":true,"showSkybox":false,"showFlares":true,"showImageEffects":true,"showParticleSystems":true,"showVisualEffectGraphs":true,"m_FxEnabled":true},"in2DMode":false,"pivot":{"x":16.192949295043947,"y":-4.780708312988281,"z":-9.856493949890137},"rotation":{"x":0.6728032231330872,"y":-0.0030947139021009208,"z":0.0028137676417827608,"w":0.7398092746734619},"size":12.307291984558106,"orthographic":false}